protocol,period,regime,n_quotes,n_days,mae_schrodinger,mae_schrodinger_lo,mae_schrodinger_hi,mae_heston,mae_heston_lo,mae_heston_hi,mae_adhoc_bs,mae_adhoc_bs_lo,mae_adhoc_bs_hi,mae_svi,mae_svi_lo,mae_svi_hi,mae_svi_price,mae_svi_price_lo,mae_svi_price_hi,mae_black_scholes,mae_black_scholes_lo,mae_black_scholes_hi,impr_vs_heston,impr_vs_heston_lo,impr_vs_heston_hi,impr_vs_adhoc_bs,impr_vs_adhoc_bs_lo,impr_vs_adhoc_bs_hi,impr_vs_svi,impr_vs_svi_lo,impr_vs_svi_hi,impr_vs_svi_price,impr_vs_svi_price_lo,impr_vs_svi_price_hi,impr_vs_black_scholes,impr_vs_black_scholes_lo,impr_vs_black_scholes_hi
in,2019-08,all,33139,22,0.13851,0.11456,0.16526,0.20405,0.15524,0.26137,0.28423,0.25791,0.31214,0.45695,0.38195,0.53182,0.22802,0.18354,0.27749,3.76779,3.53672,4.00711,0.32120,0.18913,0.46271,0.51268,0.46108,0.56445,0.69687,0.66700,0.72217,0.39253,0.33430,0.44568,0.96324,0.95543,0.97019
in,2019-08,low,11826,8,0.10433,0.07737,0.12822,0.13403,0.09819,0.16506,0.23117,0.19889,0.26428,0.34595,0.24412,0.45068,0.13861,0.10468,0.17150,3.41588,3.17672,3.63689,0.22159,0.11517,0.31625,0.54870,0.46813,0.63730,0.69844,0.60841,0.75457,0.24734,0.19094,0.30520,0.96946,0.96052,0.97803
in,2019-08,medium,10791,7,0.15041,0.11689,0.18973,0.18324,0.12287,0.26642,0.31149,0.27983,0.34300,0.54422,0.43507,0.65471,0.24236,0.18447,0.30582,3.64385,3.44874,3.92847,0.17919,0.02876,0.29731,0.51715,0.44456,0.58424,0.72363,0.70566,0.73814,0.37941,0.29326,0.47719,0.95872,0.94699,0.96940
in,2019-08,high,10522,7,0.16474,0.11534,0.21738,0.30411,0.21007,0.41272,0.31592,0.27400,0.36416,0.49218,0.36511,0.62441,0.31379,0.23944,0.38910,4.29041,3.92771,4.69611,0.45830,0.24569,0.65635,0.47855,0.39581,0.58062,0.66529,0.61934,0.70973,0.47502,0.40773,0.54041,0.96160,0.94523,0.97429
out,2019-08,all,31635,21,2.55014,1.67804,3.49773,2.56810,1.70673,3.50721,2.58072,1.71603,3.52824,2.55172,1.64245,3.57551,2.55297,1.67331,3.50666,4.44714,3.90212,5.11464,0.00699,-0.01346,0.02278,0.01185,0.00440,0.02320,0.00062,-0.04327,0.03644,0.00111,-0.00428,0.00523,0.42657,0.29882,0.57796
out,2019-08,low,10322,7,1.89774,1.08955,2.82903,1.93995,1.11570,2.88684,1.90457,1.11647,2.80821,1.83770,1.10761,2.68964,1.89887,1.08395,2.84456,3.72719,3.38366,4.10594,0.02176,0.00974,0.03812,0.00359,-0.00840,0.02944,-0.03267,-0.07790,0.04382,0.00059,-0.01340,0.00986,0.49084,0.29668,0.69340
out,2019-08,medium,10791,7,1.38122,0.88865,2.09912,1.42034,0.93731,2.13363,1.41054,0.91499,2.10880,1.28904,0.85656,1.95277,1.37634,0.87965,2.10406,3.83159,3.60101,4.11001,0.02754,0.01319,0.05150,0.02078,0.00107,0.04827,-0.07151,-0.15493,0.01806,-0.00354,-0.01912,0.00584,0.63952,0.47055,0.77051
out,2019-08,high,10522,7,4.38894,2.59622,6.24221,4.36142,2.57299,6.22381,4.44412,2.66487,6.27958,4.54712,2.66278,6.61586,4.40136,2.61375,6.25317,5.78469,4.61572,7.10135,-0.00631,-0.04071,0.01378,0.01242,0.00290,0.02905,0.03479,-0.01029,0.07097,0.00282,-0.00193,0.00948,0.24128,0.11308,0.44742
anchored,2019-08,all,31081,21,0.97281,0.64440,1.37828,0.62958,0.38667,1.02175,0.47273,0.40264,0.55535,1.25733,0.84499,1.81026,1.02516,0.67168,1.44697,3.83022,3.59519,4.10098,-0.54517,-1.17993,-0.18696,-1.05784,-1.82726,-0.45810,0.22629,0.14600,0.30021,0.05106,0.00817,0.09368,0.74602,0.65759,0.82691
anchored,2019-08,low,10138,7,0.64401,0.38141,0.93131,0.39125,0.34351,0.43422,0.39607,0.29579,0.51028,0.80228,0.58604,1.03594,0.63362,0.39003,0.90153,3.40409,3.16705,3.61357,-0.64606,-1.25596,-0.02977,-0.62600,-1.03716,-0.14598,0.19727,0.06863,0.40425,-0.01640,-0.05165,0.03892,0.81081,0.72396,0.88985
anchored,2019-08,medium,10605,7,0.61837,0.41751,0.80765,0.33952,0.26724,0.40070,0.48422,0.38960,0.58050,0.80357,0.62731,0.99190,0.60883,0.43230,0.77588,3.70451,3.50200,4.00089,-0.82130,-1.43448,-0.27670,-0.27706,-0.54818,-0.01889,0.23047,0.12151,0.36021,-0.01568,-0.06923,0.07472,0.83308,0.77200,0.89411
anchored,2019-08,high,10338,7,1.65884,0.82584,2.50419,1.16085,0.50287,2.17158,0.53613,0.40150,0.69535,2.16906,1.13759,3.40931,1.83620,0.99371,2.67274,4.37706,3.99358,4.81204,-0.42898,-1.62605,0.01003,-2.09408,-3.94346,-0.80533,0.23523,0.10796,0.33247,0.09659,0.05000,0.17281,0.62102,0.46891,0.79717
