quote_date,atm_vol_30d,regime
2022-07-01,0.24749,high
2022-07-05,0.25714,high
2022-07-06,0.25141,high
2022-07-07,0.24103,medium
2022-07-08,0.22540,medium
2022-07-11,0.23991,medium
2022-07-12,0.25035,high
2022-07-13,0.24944,high
2022-07-14,0.24435,high
2022-07-15,0.22082,medium
2022-07-18,0.23486,medium
2022-07-19,0.22544,medium
2022-07-20,0.21980,medium
2022-07-21,0.20798,medium
2022-07-22,0.20527,low
2022-07-25,0.20822,medium
2022-07-26,0.22276,medium
2022-07-27,0.20792,medium
2022-07-28,0.19630,low
2022-07-29,0.18602,low
2022-08-01,0.20023,low
2022-08-02,0.21419,medium
2022-08-03,0.19582,low
2022-08-04,0.19119,low
2022-08-05,0.18412,low
2022-08-08,0.18391,low
2022-08-09,0.19070,low
2022-08-10,0.17224,low
2022-08-11,0.17518,low
2022-08-12,0.16457,low
2022-08-15,0.17397,low
2022-08-16,0.17518,low
2022-08-17,0.18092,low
2022-08-18,0.17430,low
2022-08-19,0.17879,low
2022-08-22,0.20996,medium
2022-08-23,0.21472,medium
2022-08-24,0.20644,low
2022-08-25,0.19623,low
2022-08-26,0.22622,medium
2022-08-29,0.23322,medium
2022-08-30,0.23707,medium
2022-08-31,0.23572,medium
2022-09-01,0.22814,medium
2022-09-02,0.22875,medium
2022-09-06,0.24334,high
2022-09-07,0.22470,medium
2022-09-08,0.21423,medium
2022-09-09,0.20287,low
2022-09-12,0.21275,medium
2022-09-13,0.24052,medium
2022-09-14,0.23908,medium
2022-09-15,0.24142,medium
2022-09-16,0.24216,high
2022-09-19,0.24196,high
2022-09-20,0.25674,high
2022-09-21,0.26578,high
2022-09-22,0.25708,high
2022-09-23,0.26983,high
2022-09-26,0.29346,high
2022-09-27,0.29616,high
2022-09-28,0.27430,high
2022-09-29,0.28343,high
2022-09-30,0.27726,high
2022-10-03,0.26807,high
2022-10-04,0.25893,high
2022-10-05,0.25891,high
2022-10-06,0.27210,high
2022-10-07,0.27870,high
2022-10-10,0.29343,high
2022-10-11,0.30689,high
2022-10-12,0.30900,high
2022-10-13,0.29398,high
2022-10-14,0.29127,high
2022-10-17,0.28812,high
2022-10-18,0.28245,high
2022-10-19,0.28536,high
2022-10-20,0.27936,high
2022-10-21,0.27526,high
2022-10-24,0.28145,high
2022-10-25,0.26648,high
2022-10-26,0.25659,high
2022-10-27,0.25672,high
2022-10-28,0.24286,high
2022-10-31,0.24146,medium
2022-11-01,0.24361,high
2022-11-02,0.24661,high
2022-11-03,0.24151,high
2022-11-04,0.23276,medium
2022-11-07,0.22940,medium
2022-11-08,0.23906,medium
2022-11-09,0.24369,high
2022-11-10,0.21908,medium
2022-11-11,0.20040,low
2022-11-14,0.22379,medium
2022-11-15,0.22684,medium
2022-11-16,0.22516,medium
2022-11-17,0.22341,medium
2022-11-18,0.21466,medium
2022-11-21,0.20811,medium
2022-11-22,0.19773,low
2022-11-23,0.18945,low
2022-11-25,0.18594,low
2022-11-28,0.20267,low
2022-11-29,0.20202,low
2022-11-30,0.18943,low
2022-12-01,0.18447,low
2022-12-02,0.17313,low
2022-12-05,0.18647,low
2022-12-06,0.20283,low
2022-12-07,0.21244,medium
2022-12-08,0.20379,low
2022-12-09,0.20533,low
2022-12-12,0.21766,medium
2022-12-13,0.20908,medium
2022-12-14,0.19557,low
2022-12-15,0.20716,medium
2022-12-16,0.20602,low
2022-12-19,0.20614,low
2022-12-20,0.20272,low
2022-12-21,0.18993,low
2022-12-22,0.20471,low
2022-12-23,0.19520,low
2022-12-27,0.20543,low
2022-12-28,0.21311,medium
2022-12-29,0.20153,low
2022-12-30,0.19977,low
