protocol,period,regime,n_quotes,n_days,mae_schrodinger,mae_schrodinger_lo,mae_schrodinger_hi,mae_heston,mae_heston_lo,mae_heston_hi,mae_adhoc_bs,mae_adhoc_bs_lo,mae_adhoc_bs_hi,mae_black_scholes,mae_black_scholes_lo,mae_black_scholes_hi,impr_vs_heston,impr_vs_heston_lo,impr_vs_heston_hi,impr_vs_adhoc_bs,impr_vs_adhoc_bs_lo,impr_vs_adhoc_bs_hi,impr_vs_black_scholes,impr_vs_black_scholes_lo,impr_vs_black_scholes_hi
in,development,all,100036,43,0.15209,0.13477,0.17007,0.25052,0.23094,0.27215,0.25370,0.23309,0.27462,3.39134,3.24721,3.52936,0.39289,0.31269,0.47287,0.40050,0.34786,0.45413,0.95515,0.95090,0.95914
in,development,low,47121,19,0.10797,0.09047,0.12464,0.23737,0.20531,0.27008,0.21839,0.19799,0.23988,3.07812,2.87478,3.26784,0.54514,0.42362,0.64834,0.50559,0.40842,0.59639,0.96492,0.96124,0.96901
in,development,medium,40251,18,0.18122,0.16362,0.20014,0.25382,0.22338,0.28679,0.27317,0.24309,0.30417,3.70983,3.56401,3.85420,0.28602,0.19050,0.38335,0.33658,0.26883,0.39986,0.95115,0.94515,0.95614
in,development,high,12664,6,0.22367,0.19709,0.24685,0.28895,0.25450,0.32098,0.32323,0.29337,0.35185,3.54449,3.39747,3.71950,0.22590,0.18943,0.26317,0.30800,0.28499,0.33513,0.93690,0.92953,0.94459
in,holdout,all,228506,84,0.23164,0.21581,0.24765,0.31804,0.30517,0.33109,0.28809,0.27401,0.30226,2.84130,2.67665,3.01256,0.27165,0.23663,0.30811,0.19594,0.16880,0.22437,0.91847,0.91155,0.92539
in,holdout,low,60983,24,0.23045,0.19514,0.26609,0.31887,0.28917,0.34845,0.27482,0.24286,0.30636,2.37895,2.27245,2.48432,0.27728,0.20588,0.35302,0.16145,0.11670,0.20938,0.90313,0.88931,0.91719
in,holdout,medium,63832,24,0.20549,0.17185,0.24017,0.30779,0.27679,0.33955,0.27543,0.24536,0.30621,2.67903,2.42559,2.95334,0.33238,0.25368,0.41346,0.25392,0.18183,0.32662,0.92330,0.90674,0.93769
in,holdout,high,103691,36,0.24844,0.23240,0.26348,0.32385,0.31098,0.33720,0.30369,0.28905,0.31790,3.21310,2.92722,3.49585,0.23285,0.19705,0.27619,0.18191,0.15127,0.21590,0.92268,0.91541,0.92966
in,full,all,328542,127,0.20742,0.19307,0.22080,0.29748,0.28464,0.30994,0.27762,0.26526,0.28952,3.00878,2.87442,3.13005,0.30274,0.26765,0.33903,0.25286,0.22490,0.28534,0.93106,0.92532,0.93655
in,full,low,108104,43,0.17706,0.15065,0.20774,0.28334,0.25889,0.30940,0.25022,0.22998,0.27327,2.68371,2.53596,2.83344,0.37510,0.29359,0.45465,0.29237,0.22246,0.36518,0.93402,0.92136,0.94481
in,full,medium,104083,42,0.19611,0.17574,0.21995,0.28692,0.26228,0.31186,0.27455,0.25204,0.29690,3.07766,2.84166,3.30581,0.31652,0.25602,0.37598,0.28573,0.23127,0.34042,0.93628,0.92536,0.94451
in,full,high,116355,42,0.24575,0.23042,0.25996,0.32005,0.30633,0.33297,0.30582,0.29187,0.31887,3.24917,2.97936,3.49510,0.23217,0.20009,0.27072,0.19642,0.16562,0.23063,0.92437,0.91668,0.93094
out,development,all,98933,43,1.82130,1.49504,2.16480,1.83388,1.53493,2.17040,1.84326,1.51597,2.18587,3.77804,3.58585,3.96257,0.00686,-0.02494,0.03770,0.01191,0.00565,0.02040,0.51792,0.44204,0.59156
out,development,low,46626,19,1.46236,1.05957,1.87963,1.46948,1.10557,1.83366,1.48108,1.08633,1.89060,3.34298,3.10420,3.57113,0.00485,-0.06079,0.07425,0.01264,0.00068,0.03056,0.56256,0.45934,0.66817
out,development,medium,42198,19,2.18859,1.63317,2.85973,2.21060,1.68095,2.85513,2.21151,1.66316,2.87766,4.19863,4.01325,4.43259,0.00996,-0.01802,0.04416,0.01036,0.00255,0.02145,0.47874,0.35015,0.59630
out,development,high,10109,5,1.94374,1.26650,2.61857,1.94209,1.32895,2.53345,1.97663,1.29310,2.65772,4.02896,3.78245,4.23943,-0.00085,-0.03569,0.04699,0.01664,0.00874,0.02908,0.51756,0.37950,0.66994
out,holdout,all,223961,83,1.84459,1.59448,2.10767,1.92922,1.67940,2.19812,1.86616,1.61693,2.12726,3.35957,3.15983,3.56570,0.04387,0.02493,0.06463,0.01156,0.00801,0.01534,0.45094,0.39406,0.50859
out,holdout,low,60605,24,1.77554,1.39062,2.17994,1.86550,1.47989,2.27473,1.79563,1.41480,2.19544,2.90821,2.68680,3.13470,0.04822,0.02190,0.08039,0.01119,0.00472,0.01824,0.38947,0.29564,0.49073
out,holdout,medium,60763,23,1.93315,1.36875,2.56617,1.96125,1.42648,2.56648,1.95164,1.38913,2.58630,3.31003,2.92521,3.74326,0.01433,-0.02368,0.06002,0.00947,0.00392,0.01678,0.41597,0.27890,0.55476
out,holdout,high,102593,36,1.83293,1.49035,2.20054,1.94789,1.59993,2.33173,1.85719,1.51702,2.22158,3.65554,3.34675,3.96905,0.05902,0.03304,0.08698,0.01306,0.00772,0.01979,0.49859,0.42602,0.57117
out,full,all,322894,126,1.83746,1.62354,2.04757,1.90001,1.68401,2.11139,1.85915,1.64799,2.06889,3.48779,3.33245,3.64316,0.03292,0.01547,0.04943,0.01167,0.00846,0.01520,0.47317,0.42763,0.52065
out,full,low,107231,43,1.63936,1.34919,1.94928,1.69330,1.41107,1.98951,1.65886,1.37213,1.96469,3.09726,2.92921,3.28281,0.03185,-0.00157,0.06356,0.01175,0.00557,0.01913,0.47070,0.39156,0.55039
out,full,medium,102961,42,2.03784,1.63120,2.47733,2.06345,1.67177,2.49394,2.05815,1.65297,2.50112,3.67422,3.39898,3.95725,0.01241,-0.01446,0.04131,0.00986,0.00493,0.01596,0.44537,0.35264,0.53892
out,full,high,112702,41,1.84287,1.53047,2.19690,1.94737,1.62276,2.31340,1.86791,1.55731,2.22227,3.68903,3.40318,3.99330,0.05366,0.02883,0.08083,0.01340,0.00821,0.01927,0.50045,0.43259,0.56643
anchored,development,all,97523,43,0.41887,0.36846,0.47845,0.66247,0.56263,0.78637,0.42698,0.37779,0.48287,3.52994,3.37762,3.67118,0.36772,0.23270,0.47857,0.01901,-0.07506,0.10512,0.88134,0.86661,0.89448
anchored,development,low,45990,19,0.35376,0.29663,0.41283,0.71344,0.51109,0.95913,0.37277,0.31494,0.44294,3.18683,2.99315,3.36227,0.50414,0.34870,0.60901,0.05098,-0.11692,0.20443,0.88899,0.87011,0.90649
anchored,development,medium,41586,19,0.51679,0.41837,0.61713,0.65164,0.55448,0.75418,0.48269,0.39822,0.57252,3.87195,3.72560,4.01786,0.20694,-0.00865,0.38559,-0.07064,-0.17973,0.02249,0.86653,0.84148,0.89107
anchored,development,high,9947,5,0.31048,0.26688,0.35243,0.47210,0.36730,0.56040,0.44477,0.35836,0.51851,3.68647,3.57263,3.83911,0.34235,0.23840,0.42362,0.30193,0.24551,0.34631,0.91578,0.90501,0.92820
anchored,holdout,all,220719,83,0.46696,0.43189,0.50390,0.78206,0.69765,0.87795,0.44965,0.42114,0.48016,2.93483,2.76896,3.11178,0.40292,0.32978,0.46920,-0.03849,-0.09245,0.01304,0.84089,0.82716,0.85366
anchored,holdout,low,59681,24,0.48124,0.40121,0.56520,0.77972,0.63433,0.94603,0.43296,0.38117,0.48970,2.46840,2.35462,2.57828,0.38281,0.24845,0.50140,-0.11151,-0.20000,-0.02231,0.80504,0.77254,0.83452
anchored,holdout,medium,59893,23,0.43613,0.37589,0.50464,0.78457,0.60382,0.99963,0.43036,0.37710,0.49843,2.71003,2.46247,2.95290,0.44412,0.26683,0.56989,-0.01342,-0.13619,0.08405,0.83907,0.80927,0.86429
anchored,holdout,high,101145,36,0.47678,0.42889,0.52485,0.78196,0.66059,0.91628,0.47092,0.42910,0.51598,3.34317,3.05589,3.63320,0.39027,0.28661,0.48079,-0.01244,-0.08825,0.05636,0.85739,0.84361,0.87064
anchored,full,all,318242,126,0.45222,0.42133,0.48465,0.74541,0.67615,0.82170,0.44270,0.41653,0.46896,3.11720,2.98372,3.25034,0.39333,0.33097,0.45179,-0.02149,-0.06648,0.02271,0.85493,0.84360,0.86453
anchored,full,low,105671,43,0.42576,0.37277,0.48453,0.75087,0.63425,0.88664,0.40676,0.36741,0.44916,2.78107,2.63560,2.92684,0.43298,0.33646,0.51672,-0.04670,-0.13427,0.04424,0.84691,0.82253,0.86724
anchored,full,medium,101479,42,0.46918,0.41466,0.52559,0.73009,0.61210,0.86943,0.45180,0.40349,0.50925,3.18618,2.94332,3.41840,0.35737,0.20692,0.48057,-0.03847,-0.12255,0.03155,0.85274,0.83245,0.87104
anchored,full,high,111092,41,0.46189,0.41747,0.50804,0.75421,0.63920,0.88707,0.46858,0.43087,0.51252,3.37391,3.10971,3.62466,0.38758,0.29271,0.47698,0.01428,-0.05438,0.08066,0.86310,0.84990,0.87558
